id,title,sentence,type,trains_skill,needs,arousal,duration_min,duration_max,location,for_distraction,is_refresher,heat_suitable,rain_suitable,darkness_suitable,joint_straining,seasonal_window,equipment,second_person,min_age_weeks,max_age_weeks,suitability,variance_group,cooldown_days,illustration,instructions,success_criterion,common_mistakes,troubleshooting
leckerlisuche_im_gras,Leckerlisuche im Gras,Hund absetzen.,training,faehrtensuche_mantrailing,"{""physical"": 1, ""mentalWork"": 2, ""scent"": 3, ""social"": 0, ""recovery"": 1}",1,5,15,outdoors,"[1, 3]",false,true,true,true,false,,{},false,17,,{},leckerlisuche_im_gras,7,,"{""Hund absetzen"",""Leckerli im Gras verteilen"",""Suchkommando geben""}","Er meistert „Leckerlisuche im Gras"" sicher, auch im zweiten oder dritten Anlauf.","{""Hund sucht nicht""}","[{""problem"": ""Hund sucht nicht"", ""answer"": ""Leckerli anfangs sichtbarer hinlegen""}]"
huetchenspiel,Hütchenspiel,Leckerli unter einem von 3 Bechern verstecken.,training,faehrtensuche_mantrailing,"{""physical"": 1, ""mentalWork"": 2, ""scent"": 3, ""social"": 0, ""recovery"": 1}",1,5,15,any,"[3, 5]",false,true,true,true,false,,"{""becher""}",false,17,,{},huetchenspiel,7,,"{""Leckerli unter einem von 3 Bechern verstecken"",""Becher mischen"",""Hund wählen lassen""}","Er meistert „Hütchenspiel"" sicher, auch im zweiten oder dritten Anlauf.","{""Hund wirft Becher um""}","[{""problem"": ""Hund wirft Becher um"", ""answer"": ""Becher festhalten und Anzeige abwarten""}]"
futter_faehrte,Futter-Fährte,Futterstücke in einer Linie auslegen.,training,faehrtensuche_mantrailing,"{""physical"": 1, ""mentalWork"": 2, ""scent"": 3, ""social"": 0, ""recovery"": 1}",1,5,15,any,"[1, 3]",false,true,false,true,false,,{},false,17,,{},futter_faehrte,7,,"{""Futterstücke in einer Linie auslegen"",""Hund am Startpunkt ansetzen"",""Schnüffeln lassen""}","Er meistert „Futter-Fährte"" sicher, auch im zweiten oder dritten Anlauf.","{""Hund rennt zu schnell""}","[{""problem"": ""Hund rennt zu schnell"", ""answer"": ""Futterabstand verringern""}]"
teebeutel_unterscheidung,Teebeutel-Unterscheidung,Hund auf bestimmten Tee konditionieren.,training,gegenstandsanzeige_zos,"{""physical"": 1, ""mentalWork"": 2, ""scent"": 3, ""social"": 0, ""recovery"": 1}",1,5,15,any,"[1, 3]",false,true,true,true,false,,{},false,26,,{},teebeutel_unterscheidung,7,,"{""Hund auf bestimmten Tee konditionieren"",""Teebeutel zwischen anderen verstecken"",""Anzeige belohnen""}","Er meistert „Teebeutel-Unterscheidung"" sicher, auch im zweiten oder dritten Anlauf.","{""Falscher Beutel angezeigt""}","[{""problem"": ""Falscher Beutel angezeigt"", ""answer"": ""Kommentarlos abbrechen und neu starten""}]"
verlorenensuche_auf_dem_spaziergang,Verlorenensuche auf dem Spaziergang,Gegenstand unbemerkt fallen lassen.,training,gegenstandsanzeige_zos,"{""physical"": 1, ""mentalWork"": 2, ""scent"": 3, ""social"": 0, ""recovery"": 1}",2,10,20,onTheGo,"[1, 3]",false,false,true,true,false,,{},false,26,,{},verlorenensuche_auf_dem_spaziergang,7,,"{""Gegenstand unbemerkt fallen lassen"",""Einige Meter weitergehen"",""Hund zurückschicken""}","Er meistert „Verlorenensuche auf dem Spaziergang"" sicher, auch im zweiten oder dritten Anlauf.","{""Hund findet Objekt nicht""}","[{""problem"": ""Hund findet Objekt nicht"", ""answer"": ""Distanz verringern""}]"
schnueffelteppich_ausleeren,Schnüffelteppich ausleeren,Trockenfutter im Teppich verstecken.,training,faehrtensuche_mantrailing,"{""physical"": 1, ""mentalWork"": 2, ""scent"": 3, ""social"": 0, ""recovery"": 1}",1,5,15,any,"[0, 1]",false,true,true,true,false,,{},false,17,,{},schnueffelteppich_ausleeren,7,,"{""Trockenfutter im Teppich verstecken"",""Hund suchen lassen""}","Er meistert „Schnüffelteppich ausleeren"" sicher, auch im zweiten oder dritten Anlauf.","{""Hund schüttelt Teppich""}","[{""problem"": ""Hund sch\u00fcttelt Teppich"", ""answer"": ""Teppich am Boden fixieren""}]"
zielobjektsuche_zos_im_wohnzimmer,Zielobjektsuche (ZOS) im Wohnzimmer,Gegenstand (z.B. Feuerzeug) verstecken.,training,gegenstandsanzeige_zos,"{""physical"": 1, ""mentalWork"": 2, ""scent"": 3, ""social"": 0, ""recovery"": 1}",1,5,15,indoors,"[1, 3]",false,true,true,true,false,,{},false,26,,{},zielobjektsuche_zos_im_wohnzimmer,7,,"{""Gegenstand (z.B. Feuerzeug) verstecken"",""Hund suchen und im Platz anzeigen lassen""}","Er meistert „Zielobjektsuche (ZOS) im Wohnzimmer"" sicher, auch im zweiten oder dritten Anlauf.","{""Hund nimmt Gegenstand ins Maul""}","[{""problem"": ""Hund nimmt Gegenstand ins Maul"", ""answer"": ""Platz-Kommando schneller geben""}]"
mantrailing_ansatz_familienmitglied_suchen,Mantrailing-Ansatz (Familienmitglied suchen),Person versteckt sich.,training,faehrtensuche_mantrailing,"{""physical"": 1, ""mentalWork"": 2, ""scent"": 3, ""social"": 0, ""recovery"": 1}",2,10,20,any,"[1, 3]",false,false,true,true,false,,{},false,17,,{},mantrailing_ansatz_familienmitglied_suchen,7,,"{""Person versteckt sich"",""Hund bekommt Geruchsartikel"",""Spur verfolgen""}","Er meistert „Mantrailing-Ansatz (Familienmitglied suchen)"" sicher, auch im zweiten oder dritten Anlauf.","{""Hund verliert Spur""}","[{""problem"": ""Hund verliert Spur"", ""answer"": ""Person versteckt sich zun\u00e4chst in Sichtweite""}]"
leckerli_im_baumstamm,Leckerli im Baumstamm,Leckerlis in die Rinde klemmen.,training,faehrtensuche_mantrailing,"{""physical"": 1, ""mentalWork"": 2, ""scent"": 3, ""social"": 0, ""recovery"": 1}",1,5,15,outdoors,"[1, 3]",false,true,true,true,false,,{},false,17,,{},leckerli_im_baumstamm,7,,"{""Leckerlis in die Rinde klemmen"",""Hund am Baum suchen lassen""}","Er meistert „Leckerli im Baumstamm"" sicher, auch im zweiten oder dritten Anlauf.","{""Hund kratzt an der Rinde""}","[{""problem"": ""Hund kratzt an der Rinde"", ""answer"": ""Nur mit der Nase suchen belohnen""}]"
futter_kartons,Futter-Kartons,Mehrere leere Kartons aufstellen.,training,faehrtensuche_mantrailing,"{""physical"": 1, ""mentalWork"": 2, ""scent"": 3, ""social"": 0, ""recovery"": 1}",1,5,15,any,"[1, 3]",false,true,true,true,false,,{},false,17,,{},futter_kartons,7,,"{""Mehrere leere Kartons aufstellen"",""Futter in einen Karton legen"",""Suchen lassen""}","Er meistert „Futter-Kartons"" sicher, auch im zweiten oder dritten Anlauf.","{""Hund zerbeißt Karton""}","[{""problem"": ""Hund zerbei\u00dft Karton"", ""answer"": ""Kartons offen lassen""}]"
sitz_dauer_challenge,Sitz-Dauer-Challenge,Hund ins Sitz bringen.,training,sitz,"{""physical"": 1, ""mentalWork"": 1, ""scent"": 0, ""social"": 1, ""recovery"": 1}",1,5,15,any,"[1, 3]",false,true,true,true,false,,{},false,9,,{},sitz_dauer_challenge,3,,"{""Hund ins Sitz bringen"",""Zeit langsam erhöhen"",""Auflösewort geben""}","Er meistert „Sitz-Dauer-Challenge"" sicher, auch im zweiten oder dritten Anlauf.","{""Hund steht auf""}","[{""problem"": ""Hund steht auf"", ""answer"": ""Zeitintervall verk\u00fcrzen""}]"
sitz_auf_distanz,Sitz auf Distanz,Hund in 5m Entfernung absetzen.,training,sitz,"{""physical"": 1, ""mentalWork"": 1, ""scent"": 0, ""social"": 1, ""recovery"": 1}",1,5,15,any,"[1, 3]",false,true,true,true,false,,"{""schleppleine""}",false,9,,{},sitz_auf_distanz,3,,"{""Hund in 5m Entfernung absetzen"",""Kommando geben"",""Zurückgehen und belohnen""}","Er meistert „Sitz auf Distanz"" sicher, auch im zweiten oder dritten Anlauf.","{""Hund kommt auf Besitzer zu""}","[{""problem"": ""Hund kommt auf Besitzer zu"", ""answer"": ""Schleppleine nutzen""}]"
sitz_unter_ablenkung,Sitz unter Ablenkung,Hund absetzen.,training,sitz,"{""physical"": 1, ""mentalWork"": 1, ""scent"": 0, ""social"": 1, ""recovery"": 1}",1,5,15,any,"[3, 5]",false,true,true,true,false,,{},false,9,,{},sitz_unter_ablenkung,3,,"{""Hund absetzen"",""Ball werfen oder rennen"",""Hund muss bleiben""}","Er meistert „Sitz unter Ablenkung"" sicher, auch im zweiten oder dritten Anlauf.","{""Hund bricht ab""}","[{""problem"": ""Hund bricht ab"", ""answer"": ""Ablenkungsreiz schw\u00e4cher beginnen""}]"
platz_in_der_belebten_stadt,Platz in der belebten Stadt,Ruhigen Ort suchen.,training,platz,"{""physical"": 1, ""mentalWork"": 1, ""scent"": 0, ""social"": 1, ""recovery"": 1}",1,5,15,outdoors,"[3, 5]",false,false,false,true,false,,{},false,9,,{},platz_in_der_belebten_stadt,3,,"{""Ruhigen Ort suchen"",""Platz einfordern"",""Aushalten belohnen""}","Er meistert „Platz in der belebten Stadt"" sicher, auch im zweiten oder dritten Anlauf.","{""Hund ist zu gestresst""}","[{""problem"": ""Hund ist zu gestresst"", ""answer"": ""Ruhigere Umgebung w\u00e4hlen""}]"
platz_mit_unsichtbarem_halter,Platz mit unsichtbarem Halter,Hund ablegen.,training,platz,"{""physical"": 1, ""mentalWork"": 1, ""scent"": 0, ""social"": 1, ""recovery"": 1}",1,5,15,outdoors,"[1, 3]",false,true,true,true,false,,{},false,9,,{},platz_mit_unsichtbarem_halter,3,,"{""Hund ablegen"",""Kurz hinter einer Tür/Baum verstecken"",""Zurückkommen""}","Er meistert „Platz mit unsichtbarem Halter"" sicher, auch im zweiten oder dritten Anlauf.","{""Hund steht auf""}","[{""problem"": ""Hund steht auf"", ""answer"": ""Versteckzeit auf 1 Sekunde reduzieren""}]"
platz_aus_der_bewegung,Platz aus der Bewegung,Im Laufschritt Platz rufen.,training,platz,"{""physical"": 1, ""mentalWork"": 1, ""scent"": 0, ""social"": 1, ""recovery"": 1}",3,5,10,any,"[1, 3]",false,false,true,true,true,,{},false,9,,{},platz_aus_der_bewegung,3,,"{""Im Laufschritt Platz rufen"",""Hund muss sofort abliegen""}","Er meistert „Platz aus der Bewegung"" sicher, auch im zweiten oder dritten Anlauf.","{""Hund läuft weiter""}","[{""problem"": ""Hund l\u00e4uft weiter"", ""answer"": ""Zuerst aus dem langsamen Schritt \u00fcben""}]"
bleib_bei_fliegendem_spielzeug,Bleib bei fliegendem Spielzeug,Hund ins Bleib setzen.,training,bleib,"{""physical"": 1, ""mentalWork"": 1, ""scent"": 0, ""social"": 1, ""recovery"": 1}",2,10,20,indoors,"[3, 5]",false,true,true,true,false,,{},false,13,,{},bleib_bei_fliegendem_spielzeug,3,,"{""Hund ins Bleib setzen"",""Spielzeug werfen"",""Freigabe geben""}","Er meistert „Bleib bei fliegendem Spielzeug"" sicher, auch im zweiten oder dritten Anlauf.","{""Hund stürmt vorzeitig los""}","[{""problem"": ""Hund st\u00fcrmt vorzeitig los"", ""answer"": ""Spielzeug anfangs nur leicht rollen""}]"
bleib_waehrend_halter_huepft,Bleib während Halter hüpft,Hund ablegen.,training,bleib,"{""physical"": 1, ""mentalWork"": 1, ""scent"": 0, ""social"": 1, ""recovery"": 1}",1,5,15,any,"[1, 3]",false,true,true,true,false,,{},false,13,,{},bleib_waehrend_halter_huepft,3,,"{""Hund ablegen"",""Halter macht Hampelmann"",""Hund belohnen""}","Er meistert „Bleib während Halter hüpft"" sicher, auch im zweiten oder dritten Anlauf.","{""Hund hüpft mit""}","[{""problem"": ""Hund h\u00fcpft mit"", ""answer"": ""Bewegungen langsamer ausf\u00fchren""}]"
bleib_mit_futter_auf_den_pfoten,Bleib mit Futter auf den Pfoten,Hund liegt.,training,bleib,"{""physical"": 1, ""mentalWork"": 1, ""scent"": 0, ""social"": 1, ""recovery"": 1}",1,5,15,any,"[1, 3]",false,true,true,true,false,,{},false,13,,{},bleib_mit_futter_auf_den_pfoten,3,,"{""Hund liegt"",""Leckerli auf Pfote legen"",""Warten lassen""}","Er meistert „Bleib mit Futter auf den Pfoten"" sicher, auch im zweiten oder dritten Anlauf.","{""Hund frisst sofort""}","[{""problem"": ""Hund frisst sofort"", ""answer"": ""Hand \u00fcber das Leckerli halten""}]"
bleib_bei_tuerklingel,Bleib bei Türklingel,Hund auf Decke schicken.,training,bleib,"{""physical"": 1, ""mentalWork"": 1, ""scent"": 0, ""social"": 1, ""recovery"": 1}",1,5,15,indoors,"[1, 3]",false,true,true,true,false,,{},true,13,,{},bleib_bei_tuerklingel,3,,"{""Hund auf Decke schicken"",""Klingeln auslösen"",""Hund muss bleiben""}","Er meistert „Bleib bei Türklingel"" sicher, auch im zweiten oder dritten Anlauf.","{""Hund läuft zur Tür""}","[{""problem"": ""Hund l\u00e4uft zur T\u00fcr"", ""answer"": ""Zweite Person klingelt, Halter blockiert T\u00fcr""}]"
rueckruf_mit_pfeife,Rückruf mit Pfeife,Pfeife ertönt.,training,rueckruf,"{""physical"": 1, ""mentalWork"": 1, ""scent"": 0, ""social"": 1, ""recovery"": 1}",2,10,20,any,"[3, 5]",false,false,true,true,false,,"{""pfeife""}",false,9,,{},rueckruf_mit_pfeife,3,,"{""Pfeife ertönt"",""Halter läuft rückwärts"",""Hund wird hochwertig belohnt""}","Er meistert „Rückruf mit Pfeife"" sicher, auch im zweiten oder dritten Anlauf.","{""Hund reagiert nicht""}","[{""problem"": ""Hund reagiert nicht"", ""answer"": ""Konditionierung der Pfeife ohne Ablenkung wiederholen""}]"
rueckruf_aus_dem_spiel,Rückruf aus dem Spiel,Hund spielt mit Artgenossen.,training,rueckruf,"{""physical"": 1, ""mentalWork"": 1, ""scent"": 0, ""social"": 1, ""recovery"": 1}",3,5,10,any,"[3, 5]",false,false,true,true,true,,"{""schleppleine""}",false,9,,{},rueckruf_aus_dem_spiel,3,,"{""Hund spielt mit Artgenossen"",""Rückruf signalisieren"",""Hund belohnen und zurückschicken""}","Er meistert „Rückruf aus dem Spiel"" sicher, auch im zweiten oder dritten Anlauf.","{""Hund ignoriert Ruf""}","[{""problem"": ""Hund ignoriert Ruf"", ""answer"": ""Schleppleine nutzen, um Erfolg durchzusetzen""}]"
versteckspiel_im_wald,Versteckspiel im Wald,Halter versteckt sich hinter Baum.,training,rueckruf,"{""physical"": 1, ""mentalWork"": 1, ""scent"": 0, ""social"": 1, ""recovery"": 1}",2,10,20,outdoors,"[3, 5]",false,false,true,true,false,,{},false,9,,{},versteckspiel_im_wald,3,,"{""Halter versteckt sich hinter Baum"",""Hund rufen"",""Große Freude bei Fund""}","Er meistert „Versteckspiel im Wald"" sicher, auch im zweiten oder dritten Anlauf.","{""Hund sucht nicht""}","[{""problem"": ""Hund sucht nicht"", ""answer"": ""Halter macht Ger\u00e4usche""}]"
pendeltraining_an_der_schleppleine,Pendeltraining an der Schleppleine,Schleppleine nutzen.,training,rueckruf,"{""physical"": 1, ""mentalWork"": 1, ""scent"": 0, ""social"": 1, ""recovery"": 1}",2,10,20,any,"[1, 3]",false,false,true,true,false,,"{""schleppleine""}",false,9,,{},pendeltraining_an_der_schleppleine,3,,"{""Schleppleine nutzen"",""Richtungswechsel ohne Vorwarnung"",""Hund muss folgen""}","Er meistert „Pendeltraining an der Schleppleine"" sicher, auch im zweiten oder dritten Anlauf.","{""Hund läuft ins Ende der Leine""}","[{""problem"": ""Hund l\u00e4uft ins Ende der Leine"", ""answer"": ""Richtungswechsel h\u00e4ufiger durchf\u00fchren""}]"
tempowechsel_bei_fuss,Tempowechsel bei Fuß,Fuß-Kommando.,training,leinenfuehrigkeit,"{""physical"": 1, ""mentalWork"": 1, ""scent"": 0, ""social"": 1, ""recovery"": 1}",2,10,20,any,"[1, 3]",false,false,true,true,false,,{},false,9,,{},tempowechsel_bei_fuss,3,,"{""Fuß-Kommando"",""Wechsel zwischen rennen und schleichen"",""Hund muss sich anpassen""}","Er meistert „Tempowechsel bei Fuß"" sicher, auch im zweiten oder dritten Anlauf.","{""Hund überholt""}","[{""problem"": ""Hund \u00fcberholt"", ""answer"": ""Sofort stehenbleiben""}]"
zick_zack_laufen,Zick-Zack-Laufen,Abrupte Haken schlagen.,training,leinenfuehrigkeit,"{""physical"": 1, ""mentalWork"": 1, ""scent"": 0, ""social"": 1, ""recovery"": 1}",2,10,20,any,"[1, 3]",false,true,true,true,false,,{},false,9,,{},zick_zack_laufen,3,,"{""Abrupte Haken schlagen"",""Hund muss sich am Bein orientieren""}","Er meistert „Zick-Zack-Laufen"" sicher, auch im zweiten oder dritten Anlauf.","{""Hund schnüffelt""}","[{""problem"": ""Hund schn\u00fcffelt"", ""answer"": ""Aufmerksamkeitssignal geben""}]"
acht_laufen_um_baeume,Acht-Laufen um Bäume,Zwei Bäume suchen.,training,leinenfuehrigkeit,"{""physical"": 1, ""mentalWork"": 1, ""scent"": 0, ""social"": 1, ""recovery"": 1}",2,10,20,any,"[1, 3]",false,true,true,true,false,,{},false,9,,{},acht_laufen_um_baeume,3,,"{""Zwei Bäume suchen"",""Im Fuß eine Acht darum laufen""}","Er meistert „Acht-Laufen um Bäume"" sicher, auch im zweiten oder dritten Anlauf.","{""Hund geht auf falsche Seite""}","[{""problem"": ""Hund geht auf falsche Seite"", ""answer"": ""Leine kurz halten, f\u00fchren""}]"
stehenbleiben_bei_zug,Stehenbleiben bei Zug,"Sobald Leine spannt, stehen bleiben.",training,leinenfuehrigkeit,"{""physical"": 1, ""mentalWork"": 1, ""scent"": 0, ""social"": 1, ""recovery"": 1}",1,5,15,any,"[1, 3]",false,true,true,true,false,,{},false,9,,{},stehenbleiben_bei_zug,3,,"{""Sobald Leine spannt, stehen bleiben"",""Warten bis Hund nachgibt"",""Weitergehen""}","Er meistert „Stehenbleiben bei Zug"" sicher, auch im zweiten oder dritten Anlauf.","{""Hund zieht dauerhaft""}","[{""problem"": ""Hund zieht dauerhaft"", ""answer"": ""Richtungswechsel einbauen""}]"
aus_bei_zerrspiel,Aus bei Zerrspiel,Zerrspiel starten.,training,aus_loslassen,"{""physical"": 1, ""mentalWork"": 2, ""scent"": 0, ""social"": 1, ""recovery"": 1}",2,10,20,any,"[3, 5]",false,true,true,true,false,,{},false,9,,{},aus_bei_zerrspiel,3,,"{""Zerrspiel starten"",""Bewegung einfrieren"",""Aus sagen"",""Nach Loslassen sofort weiterzerren""}","Er meistert „Aus bei Zerrspiel"" sicher, auch im zweiten oder dritten Anlauf.","{""Hund lässt nicht los""}","[{""problem"": ""Hund l\u00e4sst nicht los"", ""answer"": ""Leckerli vor die Nase halten (Tausch)""}]"
tauschgeschaeft_mit_kauartikel,Tauschgeschäft mit Kauartikel,Hund hat Kauknochen.,training,aus_loslassen,"{""physical"": 1, ""mentalWork"": 2, ""scent"": 0, ""social"": 1, ""recovery"": 1}",1,5,15,any,"[1, 3]",false,true,true,true,false,,{},false,9,,{},tauschgeschaeft_mit_kauartikel,3,,"{""Hund hat Kauknochen"",""Besseres Futter anbieten"",""Knochen wegnehmen und direkt zurückgeben""}","Er meistert „Tauschgeschäft mit Kauartikel"" sicher, auch im zweiten oder dritten Anlauf.","{""Hund knurrt""}","[{""problem"": ""Hund knurrt"", ""answer"": ""Tauschobjekt muss zwingend hochwertiger sein""}]"
ignorieren_von_bodenfutter_giftkoedertraining,Ignorieren von Bodenfutter (Giftködertraining),Futter auf den Boden legen.,training,abbruchsignal_nein,"{""physical"": 1, ""mentalWork"": 2, ""scent"": 0, ""social"": 1, ""recovery"": 1}",1,5,15,indoors,"[1, 3]",false,true,true,true,false,,{},false,9,,{},ignorieren_von_bodenfutter_giftkoedertraining,3,,"{""Futter auf den Boden legen"",""Vorbeigehen üben"",""Abbruch bei Interesse""}","Er meistert „Ignorieren von Bodenfutter (Giftködertraining)"" sicher, auch im zweiten oder dritten Anlauf.","{""Hund frisst Futter""}","[{""problem"": ""Hund frisst Futter"", ""answer"": ""Futter abdecken, Distanz vergr\u00f6\u00dfern""}]"
abbruch_bei_wildsichtung_reizangel,Abbruch bei Wildsichtung (Reizangel),Reizangel bewegen.,training,abbruchsignal_nein,"{""physical"": 1, ""mentalWork"": 2, ""scent"": 0, ""social"": 1, ""recovery"": 1}",3,5,10,any,"[3, 5]",false,false,true,false,true,,"{""reizangel""}",false,9,,{},abbruch_bei_wildsichtung_reizangel,3,,"{""Reizangel bewegen"",""Abbruchkommando geben"",""Hund muss stoppen""}","Er meistert „Abbruch bei Wildsichtung (Reizangel)"" sicher, auch im zweiten oder dritten Anlauf.","{""Hund hetzt weiter""}","[{""problem"": ""Hund hetzt weiter"", ""answer"": ""Hund an der Leine sichern""}]"
apportieren_von_dummy,Apportieren von Dummy,Dummy werfen.,training,apportieren,"{""physical"": 2, ""mentalWork"": 1, ""scent"": 0, ""social"": 2, ""recovery"": 0}",2,10,20,any,"[1, 3]",false,false,true,true,false,,"{""dummy""}",false,17,,{},apportieren_von_dummy,7,,"{""Dummy werfen"",""Hund holen lassen"",""Tauschen gegen Futter""}","Er meistert „Apportieren von Dummy"" sicher, auch im zweiten oder dritten Anlauf.","{""Hund läuft mit Dummy weg""}","[{""problem"": ""Hund l\u00e4uft mit Dummy weg"", ""answer"": ""Weglaufen und Hund animieren zu folgen""}]"
apportieren_mit_hindernis,Apportieren mit Hindernis,Dummy über kleinen Ast werfen.,training,apportieren,"{""physical"": 2, ""mentalWork"": 1, ""scent"": 0, ""social"": 2, ""recovery"": 0}",3,5,10,any,"[1, 3]",false,false,false,true,true,,"{""dummy""}",false,17,,{},apportieren_mit_hindernis,7,,"{""Dummy über kleinen Ast werfen"",""Hund muss drüber springen"",""Dummy bringen""}","Er meistert „Apportieren mit Hindernis"" sicher, auch im zweiten oder dritten Anlauf.","{""Hund umläuft das Hindernis""}","[{""problem"": ""Hund uml\u00e4uft das Hindernis"", ""answer"": ""Hindernis breiter w\u00e4hlen""}]"
dummy_suche_im_wald,Dummy-Suche im Wald,Hund absetzen.,training,apportieren,"{""physical"": 2, ""mentalWork"": 1, ""scent"": 0, ""social"": 2, ""recovery"": 0}",2,10,20,outdoors,"[1, 3]",false,false,true,true,false,,"{""dummy""}",false,17,,{},dummy_suche_im_wald,7,,"{""Hund absetzen"",""Dummy außer Sicht verstecken"",""Apportieren lassen""}","Er meistert „Dummy-Suche im Wald"" sicher, auch im zweiten oder dritten Anlauf.","{""Hund findet Dummy nicht""}","[{""problem"": ""Hund findet Dummy nicht"", ""answer"": ""Nase auf die Spur helfen""}]"
zwei_dummy_training,Zwei-Dummy-Training,Zwei Dummys auslegen.,training,apportieren,"{""physical"": 2, ""mentalWork"": 1, ""scent"": 0, ""social"": 2, ""recovery"": 0}",3,5,10,any,"[1, 3]",false,false,true,true,true,,"{""dummy""}",false,17,,{},zwei_dummy_training,7,,"{""Zwei Dummys auslegen"",""Hund gezielt in eine Richtung schicken""}","Er meistert „Zwei-Dummy-Training"" sicher, auch im zweiten oder dritten Anlauf.","{""Hund holt falschen Dummy""}","[{""problem"": ""Hund holt falschen Dummy"", ""answer"": ""Anderen Dummy vorher einstecken""}]"
hand_target_statisch,Hand-Target statisch,Handfläche hinhalten.,training,hand_target_touch,"{""physical"": 0, ""mentalWork"": 2, ""scent"": 0, ""social"": 1, ""recovery"": 1}",1,5,15,any,"[0, 1]",false,true,true,true,false,,{},false,9,,{},hand_target_statisch,7,,"{""Handfläche hinhalten"",""Hund stuppst an"",""Click/Belohnung""}","Er meistert „Hand-Target statisch"" sicher, auch im zweiten oder dritten Anlauf.","{""Hund leckt die Hand""}","[{""problem"": ""Hund leckt die Hand"", ""answer"": ""Warten bis Nase anst\u00f6\u00dft""}]"
hand_target_in_bewegung,Hand-Target in Bewegung,Hand hinhalten und wegziehen.,training,hand_target_touch,"{""physical"": 0, ""mentalWork"": 2, ""scent"": 0, ""social"": 1, ""recovery"": 1}",1,5,15,any,"[1, 3]",false,true,true,true,false,,{},false,9,,{},hand_target_in_bewegung,7,,"{""Hand hinhalten und wegziehen"",""Hund folgt der Hand""}","Er meistert „Hand-Target in Bewegung"" sicher, auch im zweiten oder dritten Anlauf.","{""Hund verliert Interesse""}","[{""problem"": ""Hund verliert Interesse"", ""answer"": ""Distanz anfangs sehr klein halten""}]"
nasen_target_an_gegenstand_post_it,Nasen-Target an Gegenstand (Post-it),Post-it an Schrank kleben.,training,hand_target_touch,"{""physical"": 0, ""mentalWork"": 2, ""scent"": 0, ""social"": 1, ""recovery"": 1}",1,5,15,indoors,"[1, 3]",false,true,true,true,false,,"{""klebezettel""}",false,9,,{},nasen_target_an_gegenstand_post_it,7,,"{""Post-it an Schrank kleben"",""Hund antippen lassen""}","Er meistert „Nasen-Target an Gegenstand (Post-it)"" sicher, auch im zweiten oder dritten Anlauf.","{""Hund nutzt die Pfote""}","[{""problem"": ""Hund nutzt die Pfote"", ""answer"": ""Pfoteneinsatz ignorieren, nur Nase belohnen""}]"
pfoten_target_auf_mauspad,Pfoten-Target auf Mauspad,Mauspad auf den Boden legen.,training,hand_target_touch,"{""physical"": 0, ""mentalWork"": 2, ""scent"": 0, ""social"": 1, ""recovery"": 1}",1,5,15,indoors,"[1, 3]",false,true,true,true,false,,"{""mauspad""}",false,9,,{},pfoten_target_auf_mauspad,7,,"{""Mauspad auf den Boden legen"",""Hund tritt drauf"",""Belohnen""}","Er meistert „Pfoten-Target auf Mauspad"" sicher, auch im zweiten oder dritten Anlauf.","{""Hund geht daran vorbei""}","[{""problem"": ""Hund geht daran vorbei"", ""answer"": ""Leckerli \u00fcber das Mauspad f\u00fchren""}]"
blickkontakt_aufbauen,Blickkontakt aufbauen,Hund steht.,training,blickkontakt_fokus,"{""physical"": 0, ""mentalWork"": 2, ""scent"": 0, ""social"": 1, ""recovery"": 1}",1,5,15,any,"[0, 1]",false,true,true,true,false,,{},false,9,,{},blickkontakt_aufbauen,7,,"{""Hund steht"",""Warten bis er einen ansieht"",""Sofort belohnen""}","Er meistert „Blickkontakt aufbauen"" sicher, auch im zweiten oder dritten Anlauf.","{""Hund schaut weg""}","[{""problem"": ""Hund schaut weg"", ""answer"": ""Ger\u00e4usch machen, um Aufmerksamkeit zu wecken""}]"
blickkontakt_unter_ablenkung,Blickkontakt unter Ablenkung,Anderer Hund in Sichtweite.,training,blickkontakt_fokus,"{""physical"": 0, ""mentalWork"": 2, ""scent"": 0, ""social"": 1, ""recovery"": 1}",1,5,15,any,"[3, 5]",false,true,true,true,false,,{},false,9,,{},blickkontakt_unter_ablenkung,7,,"{""Anderer Hund in Sichtweite"",""Blickkontakt einfordern"",""Hochwertig belohnen""}","Er meistert „Blickkontakt unter Ablenkung"" sicher, auch im zweiten oder dritten Anlauf.","{""Hund fixiert Reiz""}","[{""problem"": ""Hund fixiert Reiz"", ""answer"": ""Distanz zum Reiz vergr\u00f6\u00dfern""}]"
maennchen_halten,Männchen halten,Hund sitzt.,training,maennchen,"{""physical"": 1, ""mentalWork"": 2, ""scent"": 0, ""social"": 2, ""recovery"": 0}",2,10,20,any,"[1, 3]",false,true,true,true,false,,{},false,52,,{},maennchen_halten,7,,"{""Hund sitzt"",""Futter über Nase führen"",""Hund hebt Pfoten"",""Position halten""}","Er meistert „Männchen halten"" sicher, auch im zweiten oder dritten Anlauf.","{""Hund springt auf""}","[{""problem"": ""Hund springt auf"", ""answer"": ""Hand tiefer halten""}]"
maennchen_auf_kommando,Männchen auf Kommando,Handzeichen etablieren.,training,maennchen,"{""physical"": 1, ""mentalWork"": 2, ""scent"": 0, ""social"": 2, ""recovery"": 0}",2,10,20,any,"[1, 3]",false,true,true,true,false,,{},false,52,,{},maennchen_auf_kommando,7,,"{""Handzeichen etablieren"",""Ohne Futter in der Hand fordern""}","Er meistert „Männchen auf Kommando"" sicher, auch im zweiten oder dritten Anlauf.","{""Hund versteht nicht""}","[{""problem"": ""Hund versteht nicht"", ""answer"": ""Handzeichen deutlicher machen""}]"
rolle_rechts,Rolle rechts,Hund liegt.,training,rolle,"{""physical"": 1, ""mentalWork"": 2, ""scent"": 0, ""social"": 2, ""recovery"": 0}",2,10,20,any,"[1, 3]",false,true,true,true,false,,{},false,26,,{},rolle_rechts,7,,"{""Hund liegt"",""Futter über Schulter führen"",""Hund dreht sich""}","Er meistert „Rolle rechts"" sicher, auch im zweiten oder dritten Anlauf.","{""Hund steht auf""}","[{""problem"": ""Hund steht auf"", ""answer"": ""Futter n\u00e4her am K\u00f6rper f\u00fchren""}]"
rolle_links,Rolle links,"Gleicher Aufbau wie Rolle rechts, nur andere Seite.",training,rolle,"{""physical"": 1, ""mentalWork"": 2, ""scent"": 0, ""social"": 2, ""recovery"": 0}",2,10,20,any,"[1, 3]",false,true,true,true,false,,{},false,26,,{},rolle_links,7,,"{""Gleicher Aufbau wie Rolle rechts, nur andere Seite""}","Er meistert „Rolle links"" sicher, auch im zweiten oder dritten Anlauf.","{""Hund rollt nicht""}","[{""problem"": ""Hund rollt nicht"", ""answer"": ""Hund vorsichtig mit der Hand unterst\u00fctzen""}]"
slalom_durch_die_beine_langsam,Slalom durch die Beine (langsam),Breitbeinig stehen.,training,slalom_durch_die_beine,"{""physical"": 2, ""mentalWork"": 1, ""scent"": 0, ""social"": 0, ""recovery"": 1}",2,10,20,any,"[1, 3]",false,true,true,true,false,,{},false,26,,{},slalom_durch_die_beine_langsam,7,,"{""Breitbeinig stehen"",""Hund mit Futter durchlocken"",""Einen Schritt gehen""}","Er meistert „Slalom durch die Beine (langsam)"" sicher, auch im zweiten oder dritten Anlauf.","{""Hund geht nicht durch""}","[{""problem"": ""Hund geht nicht durch"", ""answer"": ""Mehr Platz zwischen den Beinen lassen""}]"
slalom_durch_die_beine_schnell,Slalom durch die Beine (schnell),Flüssige Gehbewegung.,training,slalom_durch_die_beine,"{""physical"": 2, ""mentalWork"": 1, ""scent"": 0, ""social"": 0, ""recovery"": 1}",2,10,20,any,"[1, 3]",false,false,true,true,false,,{},false,26,,{},slalom_durch_die_beine_schnell,7,,"{""Flüssige Gehbewegung"",""Hund fädelt sich selbstständig ein""}","Er meistert „Slalom durch die Beine (schnell)"" sicher, auch im zweiten oder dritten Anlauf.","{""Hund stößt ans Bein""}","[{""problem"": ""Hund st\u00f6\u00dft ans Bein"", ""answer"": ""Tempo des Halters verringern""}]"
slalom_rueckwaerts,Slalom rückwärts,Halter geht rückwärts.,training,slalom_durch_die_beine,"{""physical"": 2, ""mentalWork"": 1, ""scent"": 0, ""social"": 0, ""recovery"": 1}",3,5,10,any,"[1, 3]",false,false,true,true,true,,{},false,26,,{},slalom_rueckwaerts,7,,"{""Halter geht rückwärts"",""Hund fädelt frontal ein""}","Er meistert „Slalom rückwärts"" sicher, auch im zweiten oder dritten Anlauf.","{""Hund ist verwirrt""}","[{""problem"": ""Hund ist verwirrt"", ""answer"": ""Einzelne Schritte stark belohnen""}]"
kriechen_unter_stuhl,Kriechen unter Stuhl,Hund ins Platz.,training,kriechen,"{""physical"": 2, ""mentalWork"": 1, ""scent"": 0, ""social"": 0, ""recovery"": 1}",1,5,15,any,"[1, 3]",false,true,true,true,false,,{},false,26,,{},kriechen_unter_stuhl,7,,"{""Hund ins Platz"",""Leckerli flach über den Boden ziehen"",""Hund kriecht""}","Er meistert „Kriechen unter Stuhl"" sicher, auch im zweiten oder dritten Anlauf.","{""Hund steht auf""}","[{""problem"": ""Hund steht auf"", ""answer"": ""Hand flacher halten oder tieferen Stuhl nutzen""}]"
kriechen_ueber_distanz,Kriechen über Distanz,Kommando geben.,training,kriechen,"{""physical"": 2, ""mentalWork"": 1, ""scent"": 0, ""social"": 0, ""recovery"": 1}",2,10,20,any,"[1, 3]",false,true,true,true,false,,{},false,26,,{},kriechen_ueber_distanz,7,,"{""Kommando geben"",""Halter geht rückwärts"",""Hund kriecht nach""}","Er meistert „Kriechen über Distanz"" sicher, auch im zweiten oder dritten Anlauf.","{""Hund bricht ab""}","[{""problem"": ""Hund bricht ab"", ""answer"": ""Distanz wieder verk\u00fcrzen""}]"
pfote_geben_links_rechts_unterschieden,Pfote geben links/rechts unterschieden,Linke Hand für linke Pfote hinhalten.,training,pfote_geben,"{""physical"": 1, ""mentalWork"": 2, ""scent"": 0, ""social"": 2, ""recovery"": 0}",1,5,15,any,"[1, 3]",false,true,true,true,false,,{},false,13,,{},pfote_geben_links_rechts_unterschieden,7,,"{""Linke Hand für linke Pfote hinhalten"",""Wörter zuordnen""}","Er meistert „Pfote geben links/rechts unterschieden"" sicher, auch im zweiten oder dritten Anlauf.","{""Hund gibt immer die gleiche Pfote""}","[{""problem"": ""Hund gibt immer die gleiche Pfote"", ""answer"": ""Entsprechende Hand einklappen""}]"
high_five,High Five,Handfläche aufrecht hinhalten.,training,pfote_geben,"{""physical"": 1, ""mentalWork"": 2, ""scent"": 0, ""social"": 2, ""recovery"": 0}",1,5,15,any,"[1, 3]",false,true,true,true,false,,{},false,13,,{},high_five,7,,"{""Handfläche aufrecht hinhalten"",""Hund schlägt ein""}","Er meistert „High Five"" sicher, auch im zweiten oder dritten Anlauf.","{""Hund nutzt Nase""}","[{""problem"": ""Hund nutzt Nase"", ""answer"": ""Warten, bis Frustration zu Pfoteneinsatz f\u00fchrt""}]"
winken,Winken,High Five in der Luft stoppen.,training,pfote_geben,"{""physical"": 1, ""mentalWork"": 2, ""scent"": 0, ""social"": 2, ""recovery"": 0}",1,5,15,any,"[1, 3]",false,true,true,true,false,,{},false,13,,{},winken,7,,"{""High Five in der Luft stoppen"",""Bewegung der Pfote belohnen""}","Er meistert „Winken"" sicher, auch im zweiten oder dritten Anlauf.","{""Hund berührt die Hand""}","[{""problem"": ""Hund ber\u00fchrt die Hand"", ""answer"": ""Hand au\u00dfer Reichweite halten""}]"
spanischer_schritt,Spanischer Schritt,Pfote heben lassen im Stehen.,training,pfote_geben,"{""physical"": 1, ""mentalWork"": 2, ""scent"": 0, ""social"": 2, ""recovery"": 0}",2,10,20,any,"[1, 3]",false,false,true,true,false,,{},false,13,,{},spanischer_schritt,7,,"{""Pfote heben lassen im Stehen"",""Vorwärts gehen""}","Er meistert „Spanischer Schritt"" sicher, auch im zweiten oder dritten Anlauf.","{""Hund setzt sich""}","[{""problem"": ""Hund setzt sich"", ""answer"": ""Hand unter den Bauch legen""}]"
rueckwaerts_einparken_grundstellung,Rückwärts einparken (Grundstellung),Hund vor Halter.,training,rueckwaertsgehen,"{""physical"": 2, ""mentalWork"": 1, ""scent"": 0, ""social"": 0, ""recovery"": 1}",2,10,20,outdoors,"[0, 1]",false,true,true,true,false,,{},false,26,,{},rueckwaerts_einparken_grundstellung,7,,"{""Hund vor Halter"",""Mit Futter eng ans linke Bein führen"",""Hund dreht sich ein""}","Er meistert „Rückwärts einparken (Grundstellung)"" sicher, auch im zweiten oder dritten Anlauf.","{""Hund steht schief""}","[{""problem"": ""Hund steht schief"", ""answer"": ""Begrenzung (z.B. Wand) zur Hilfe nehmen""}]"
rueckwaerts_gehen_an_der_wand,Rückwärts gehen an der Wand,Hund zwischen Halter und Wand.,training,rueckwaertsgehen,"{""physical"": 2, ""mentalWork"": 1, ""scent"": 0, ""social"": 0, ""recovery"": 1}",2,10,20,any,"[1, 3]",false,true,true,true,false,,{},false,26,,{},rueckwaerts_gehen_an_der_wand,7,,"{""Hund zwischen Halter und Wand"",""Auf Hund zugehen"",""Hund weicht rückwärts aus""}","Er meistert „Rückwärts gehen an der Wand"" sicher, auch im zweiten oder dritten Anlauf.","{""Hund weicht seitlich aus""}","[{""problem"": ""Hund weicht seitlich aus"", ""answer"": ""Enger an der Wand arbeiten""}]"
sprung_ueber_baumstamm,Sprung über Baumstamm,Niedrigen Stamm suchen.,training,sprung_ueber_hindernis,"{""physical"": 3, ""mentalWork"": 1, ""scent"": 0, ""social"": 0, ""recovery"": 0}",3,5,10,outdoors,"[1, 3]",false,false,false,false,true,,{},false,52,,{},sprung_ueber_baumstamm,7,,"{""Niedrigen Stamm suchen"",""Hund mit Motivation rüberrufen""}","Er meistert „Sprung über Baumstamm"" sicher, auch im zweiten oder dritten Anlauf.","{""Hund läuft drumherum""}","[{""problem"": ""Hund l\u00e4uft drumherum"", ""answer"": ""Halter springt mit""}]"
cavaletti_training_bodenstangen,Cavaletti-Training (Bodenstangen),Besenstile auf den Boden legen.,training,sprung_ueber_hindernis,"{""physical"": 3, ""mentalWork"": 1, ""scent"": 0, ""social"": 0, ""recovery"": 0}",2,10,20,any,"[1, 3]",false,true,true,true,false,,{},false,52,,{},cavaletti_training_bodenstangen,7,,"{""Besenstile auf den Boden legen"",""Hund im Schritttempo drüberführen""}","Er meistert „Cavaletti-Training (Bodenstangen)"" sicher, auch im zweiten oder dritten Anlauf.","{""Hund überspringt Stangen""}","[{""problem"": ""Hund \u00fcberspringt Stangen"", ""answer"": ""Tempo drosseln, Abstand anpassen""}]"
huerdensprung_agility,Hürdensprung Agility,Hürde aufbauen.,training,sprung_ueber_hindernis,"{""physical"": 3, ""mentalWork"": 1, ""scent"": 0, ""social"": 0, ""recovery"": 0}",3,5,10,any,"[0, 1]",false,false,false,false,true,,{},false,52,,{},huerdensprung_agility,7,,"{""Hürde aufbauen"",""Hund rüber schicken""}","Er meistert „Hürdensprung Agility"" sicher, auch im zweiten oder dritten Anlauf.","{""Hund reißt Stange""}","[{""problem"": ""Hund rei\u00dft Stange"", ""answer"": ""H\u00fcrde niedriger stellen, Absprungpunkt trainieren""}]"
stopp_aus_dem_lauf,Stopp aus dem Lauf,Hund rennt.,training,stopp_auf_distanz,"{""physical"": 1, ""mentalWork"": 2, ""scent"": 0, ""social"": 1, ""recovery"": 1}",3,5,10,any,"[0, 1]",false,false,true,false,true,,{},false,26,,{},stopp_aus_dem_lauf,3,,"{""Hund rennt"",""Stopp-Signal (Platz/Sitz) rufen""}","Er meistert „Stopp aus dem Lauf"" sicher, auch im zweiten oder dritten Anlauf.","{""Hund rutscht oder ignoriert""}","[{""problem"": ""Hund rutscht oder ignoriert"", ""answer"": ""Aus dem langsamen Schritt neu aufbauen""}]"
stopp_auf_pfiff,Stopp auf Pfiff,Stopp-Pfiff etablieren.,training,stopp_auf_distanz,"{""physical"": 1, ""mentalWork"": 2, ""scent"": 0, ""social"": 1, ""recovery"": 1}",2,10,20,any,"[1, 3]",false,false,true,true,false,,"{""pfeife""}",false,26,,{},stopp_auf_pfiff,3,,"{""Stopp-Pfiff etablieren"",""Im Freilauf anwenden""}","Er meistert „Stopp auf Pfiff"" sicher, auch im zweiten oder dritten Anlauf.","{""Keine Reaktion""}","[{""problem"": ""Keine Reaktion"", ""answer"": ""Pfeife zun\u00e4chst drinnen neu konditionieren""}]"
balance_auf_baumstamm,Balance auf Baumstamm,"Dicken, rutschfesten Baumstamm suchen.",training,slalom_durch_die_beine,"{""physical"": 2, ""mentalWork"": 1, ""scent"": 0, ""social"": 0, ""recovery"": 1}",2,10,20,outdoors,"[1, 3]",false,true,true,false,false,,{},false,26,,{},balance_auf_baumstamm,7,,"{""Dicken, rutschfesten Baumstamm suchen"",""Hund aufsteigen lassen"",""Balancieren""}","Er meistert „Balance auf Baumstamm"" sicher, auch im zweiten oder dritten Anlauf.","{""Hund hat Angst""}","[{""problem"": ""Hund hat Angst"", ""answer"": ""Mit Vorderpfoten anfangen""}]"
wackelbrett_training_propriozeption,Wackelbrett-Training (Propriozeption),Wackelbrett auf den Boden legen.,training,slalom_durch_die_beine,"{""physical"": 2, ""mentalWork"": 1, ""scent"": 0, ""social"": 0, ""recovery"": 1}",1,5,15,any,"[1, 3]",false,true,true,false,false,,"{""wackelbrett""}",false,26,,{},wackelbrett_training_propriozeption,7,,"{""Wackelbrett auf den Boden legen"",""Hund vorsichtig drauf locken"",""Leicht wippen""}","Er meistert „Wackelbrett-Training (Propriozeption)"" sicher, auch im zweiten oder dritten Anlauf.","{""Hund springt ab""}","[{""problem"": ""Hund springt ab"", ""answer"": ""Brett zun\u00e4chst mit B\u00fcchern fixieren""}]"
elefantentrick_auf_eimer,Elefantentrick auf Eimer,Vorderpfoten auf Eimer/Topf.,training,rueckwaertsgehen,"{""physical"": 2, ""mentalWork"": 1, ""scent"": 0, ""social"": 0, ""recovery"": 1}",2,10,20,indoors,"[1, 3]",false,true,true,true,false,,{},false,26,,{},elefantentrick_auf_eimer,7,,"{""Vorderpfoten auf Eimer/Topf"",""Hinterhand drumherum bewegen""}","Er meistert „Elefantentrick auf Eimer"" sicher, auch im zweiten oder dritten Anlauf.","{""Hund geht vom Eimer""}","[{""problem"": ""Hund geht vom Eimer"", ""answer"": ""Vorderpfoten-Target separat festigen""}]"
target_stick_folgen,Target-Stick folgen,Nasen-Target auf Stick übertragen.,training,hand_target_touch,"{""physical"": 0, ""mentalWork"": 2, ""scent"": 0, ""social"": 1, ""recovery"": 1}",1,5,15,any,"[1, 3]",false,true,true,true,false,,{},false,9,,{},target_stick_folgen,7,,"{""Nasen-Target auf Stick übertragen"",""Hund folgt dem Stick im Kreis""}","Er meistert „Target-Stick folgen"" sicher, auch im zweiten oder dritten Anlauf.","{""Hund beißt in Stick""}","[{""problem"": ""Hund bei\u00dft in Stick"", ""answer"": ""Nur ruhiges Ber\u00fchren clicken""}]"
spielzeug_aufraeumen,Spielzeug aufräumen,Kiste aufstellen.,training,apportieren,"{""physical"": 2, ""mentalWork"": 1, ""scent"": 0, ""social"": 2, ""recovery"": 0}",1,5,15,any,"[3, 5]",false,true,true,true,false,,"{""kiste""}",false,17,,{},spielzeug_aufraeumen,7,,"{""Kiste aufstellen"",""Hund lässt Spielzeug übers Kiste fallen (Aus)""}","Er meistert „Spielzeug aufräumen"" sicher, auch im zweiten oder dritten Anlauf.","{""Spielzeug fällt daneben""}","[{""problem"": ""Spielzeug f\u00e4llt daneben"", ""answer"": ""Kiste anfangs sehr gro\u00df w\u00e4hlen""}]"
tuer_schliessen,Tür schließen,Pfoten-Target an Tür kleben.,training,hand_target_touch,"{""physical"": 0, ""mentalWork"": 2, ""scent"": 0, ""social"": 1, ""recovery"": 1}",1,5,15,indoors,"[1, 3]",false,true,true,true,false,,{},false,9,,{},tuer_schliessen,7,,"{""Pfoten-Target an Tür kleben"",""Hund stuppst an"",""Tür fällt ins Schloss""}","Er meistert „Tür schließen"" sicher, auch im zweiten oder dritten Anlauf.","{""Tür schließt nicht""}","[{""problem"": ""T\u00fcr schlie\u00dft nicht"", ""answer"": ""Belohnung f\u00fcr st\u00e4rkeren Druck geben""}]"
lichtschalter_betaetigen,Lichtschalter betätigen,Target an Schalter.,training,hand_target_touch,"{""physical"": 0, ""mentalWork"": 2, ""scent"": 0, ""social"": 1, ""recovery"": 1}",2,10,20,indoors,"[1, 3]",false,true,true,true,false,,{},false,9,,{},lichtschalter_betaetigen,7,,"{""Target an Schalter"",""Hund springt hoch und drückt""}","Er meistert „Lichtschalter betätigen"" sicher, auch im zweiten oder dritten Anlauf.","{""Schalter wird verfehlt""}","[{""problem"": ""Schalter wird verfehlt"", ""answer"": ""Target gr\u00f6\u00dfer machen""}]"
socken_ausziehen,Socken ausziehen,Socke zur Hälfte ausziehen.,training,aus_loslassen,"{""physical"": 1, ""mentalWork"": 2, ""scent"": 0, ""social"": 1, ""recovery"": 1}",1,5,15,any,"[3, 5]",false,true,true,true,false,,"{""dummy""}",false,9,,{},socken_ausziehen,3,,"{""Socke zur Hälfte ausziehen"",""Hund daran ziehen lassen (Zerrspiel sanft)""}","Er meistert „Socken ausziehen"" sicher, auch im zweiten oder dritten Anlauf.","{""Hund beißt in Fuß""}","[{""problem"": ""Hund bei\u00dft in Fu\u00df"", ""answer"": ""Socke erst als reines Dummy-Objekt geben""}]"
kriechen_unter_beinen,Kriechen unter Beinen,Halter macht Ausfallschritt.,training,kriechen,"{""physical"": 2, ""mentalWork"": 1, ""scent"": 0, ""social"": 0, ""recovery"": 1}",2,10,20,any,"[1, 3]",false,true,true,true,false,,{},false,26,,{},kriechen_unter_beinen,7,,"{""Halter macht Ausfallschritt"",""Hund kriecht unten durch""}","Er meistert „Kriechen unter Beinen"" sicher, auch im zweiten oder dritten Anlauf.","{""Hund steht auf""}","[{""problem"": ""Hund steht auf"", ""answer"": ""Halter muss weiter nach unten gehen""}]"
achter_durch_die_beine_stehenbleiben,Achter durch die Beine (stehenbleiben),Breitbeinig stehen.,training,slalom_durch_die_beine,"{""physical"": 2, ""mentalWork"": 1, ""scent"": 0, ""social"": 0, ""recovery"": 1}",2,10,20,any,"[1, 3]",false,true,true,true,false,,{},false,26,,{},achter_durch_die_beine_stehenbleiben,7,,"{""Breitbeinig stehen"",""Hund läuft eine Acht um die Beine""}","Er meistert „Achter durch die Beine (stehenbleiben)"" sicher, auch im zweiten oder dritten Anlauf.","{""Bewegung stockt""}","[{""problem"": ""Bewegung stockt"", ""answer"": ""Futterf\u00fchrung fl\u00fcssiger machen""}]"
sprung_durch_die_arme,Sprung durch die Arme,Arme zum Ring formen.,training,sprung_ueber_hindernis,"{""physical"": 3, ""mentalWork"": 1, ""scent"": 0, ""social"": 0, ""recovery"": 0}",3,5,10,any,"[1, 3]",false,false,false,false,true,,{},false,52,,{},sprung_durch_die_arme,7,,"{""Arme zum Ring formen"",""Hund durchlocken""}","Er meistert „Sprung durch die Arme"" sicher, auch im zweiten oder dritten Anlauf.","{""Hund läuft außen vorbei""}","[{""problem"": ""Hund l\u00e4uft au\u00dfen vorbei"", ""answer"": ""Arme anfangs gegen eine Wand st\u00fctzen""}]"
sprung_ueber_das_bein,Sprung über das Bein,Bein ausstrecken.,training,sprung_ueber_hindernis,"{""physical"": 3, ""mentalWork"": 1, ""scent"": 0, ""social"": 0, ""recovery"": 0}",3,5,10,any,"[1, 3]",false,false,false,false,true,,{},false,52,,{},sprung_ueber_das_bein,7,,"{""Bein ausstrecken"",""Hund springt rüber""}","Er meistert „Sprung über das Bein"" sicher, auch im zweiten oder dritten Anlauf.","{""Hund kriecht drunter durch""}","[{""problem"": ""Hund kriecht drunter durch"", ""answer"": ""Bein tiefer halten, Bodenkontakt vermeiden""}]"
maennchen_mit_gegenstand,Männchen mit Gegenstand,Hund macht Männchen.,training,maennchen,"{""physical"": 1, ""mentalWork"": 2, ""scent"": 0, ""social"": 2, ""recovery"": 0}",2,10,20,any,"[1, 3]",false,true,true,true,false,,"{""dummy""}",false,52,,{},maennchen_mit_gegenstand,7,,"{""Hund macht Männchen"",""Hund hält Dummy im Maul""}","Er meistert „Männchen mit Gegenstand"" sicher, auch im zweiten oder dritten Anlauf.","{""Hund lässt Dummy fallen""}","[{""problem"": ""Hund l\u00e4sst Dummy fallen"", ""answer"": ""Dummy-Halten separat im Sitzen \u00fcben""}]"
rolle_mit_spielzeug,Rolle mit Spielzeug,Hund hält Spielzeug.,training,rolle,"{""physical"": 1, ""mentalWork"": 2, ""scent"": 0, ""social"": 2, ""recovery"": 0}",2,10,20,any,"[3, 5]",false,true,true,true,false,,{},false,26,,{},rolle_mit_spielzeug,7,,"{""Hund hält Spielzeug"",""Kommando Rolle""}","Er meistert „Rolle mit Spielzeug"" sicher, auch im zweiten oder dritten Anlauf.","{""Hund spuckt es aus""}","[{""problem"": ""Hund spuckt es aus"", ""answer"": ""Spielzeug nach der Rolle sofort intensiv bespielen""}]"
stopp_am_bordstein,Stopp am Bordstein,Vor Straßenüberquerung stehen bleiben.,training,sitz,"{""physical"": 1, ""mentalWork"": 1, ""scent"": 0, ""social"": 1, ""recovery"": 1}",1,5,15,onTheGo,"[1, 3]",false,true,true,true,false,,{},false,9,,{},stopp_am_bordstein,3,,"{""Vor Straßenüberquerung stehen bleiben"",""Sitz einfordern""}","Er meistert „Stopp am Bordstein"" sicher, auch im zweiten oder dritten Anlauf.","{""Hund läuft weiter""}","[{""problem"": ""Hund l\u00e4uft weiter"", ""answer"": ""Leine kurz blockieren""}]"
sitz_vor_dem_napf,Sitz vor dem Napf,Napf in der Hand.,training,bleib,"{""physical"": 1, ""mentalWork"": 1, ""scent"": 0, ""social"": 1, ""recovery"": 1}",1,5,15,indoors,"[1, 3]",false,true,true,true,false,,{},false,13,,{},sitz_vor_dem_napf,3,,"{""Napf in der Hand"",""Hund sitzt"",""Napf abstellen"",""Freigabe zum Fressen""}","Er meistert „Sitz vor dem Napf"" sicher, auch im zweiten oder dritten Anlauf.","{""Hund springt auf""}","[{""problem"": ""Hund springt auf"", ""answer"": ""Napf sofort wieder anheben""}]"
deckentraining_ruhe,Deckentraining (Ruhe),Hund auf Decke schicken.,rest,,"{""physical"": 0, ""mentalWork"": 0, ""scent"": 0, ""social"": 1, ""recovery"": 3}",0,15,30,indoors,,false,true,true,true,false,,{},false,8,,{},deckentraining_ruhe,0,,"{""Hund auf Decke schicken"",""Platz machen"",""Futterbelohnung zwischen die Pfoten legen""}","Er meistert „Deckentraining (Ruhe)"" sicher, auch im zweiten oder dritten Anlauf.","{""Hund verlässt Decke""}","[{""problem"": ""Hund verl\u00e4sst Decke"", ""answer"": ""Zur\u00fcckf\u00fchren ohne Kommentar""}]"
platz_im_restaurant_cafe,Platz im Restaurant / Cafe,Decke mitnehmen.,training,platz,"{""physical"": 1, ""mentalWork"": 1, ""scent"": 0, ""social"": 1, ""recovery"": 1}",1,5,15,onTheGo,"[1, 3]",false,true,true,true,false,,{},false,9,,{},platz_im_restaurant_cafe,3,,"{""Decke mitnehmen"",""Hund unter Tisch ablegen"",""Ruhe belohnen""}","Er meistert „Platz im Restaurant / Cafe"" sicher, auch im zweiten oder dritten Anlauf.","{""Hund bettelt am Tisch""}","[{""problem"": ""Hund bettelt am Tisch"", ""answer"": ""Konsequent ignorieren, Kauartikel geben""}]"
rueckruf_mit_freudiger_begruessung,Rückruf mit freudiger Begrüßung,Hund rufen.,training,rueckruf,"{""physical"": 1, ""mentalWork"": 1, ""scent"": 0, ""social"": 1, ""recovery"": 1}",2,10,20,any,"[3, 5]",false,false,true,true,false,,{},false,9,,{},rueckruf_mit_freudiger_begruessung,3,,"{""Hund rufen"",""In die Hocke gehen"",""Ausgiebig kuscheln als Belohnung""}","Er meistert „Rückruf mit freudiger Begrüßung"" sicher, auch im zweiten oder dritten Anlauf.","{""Hund dreht vorher ab""}","[{""problem"": ""Hund dreht vorher ab"", ""answer"": ""Nicht nach dem Hund greifen""}]"
fussgehen_mit_kinderwagen,Fußgehen mit Kinderwagen,Kinderwagen schieben.,training,leinenfuehrigkeit,"{""physical"": 1, ""mentalWork"": 1, ""scent"": 0, ""social"": 1, ""recovery"": 1}",2,10,20,outdoors,"[3, 5]",false,true,true,true,false,,{},false,9,,{},fussgehen_mit_kinderwagen,3,,"{""Kinderwagen schieben"",""Hund läuft außen"",""Tempo anpassen""}","Er meistert „Fußgehen mit Kinderwagen"" sicher, auch im zweiten oder dritten Anlauf.","{""Hund läuft vor den Wagen""}","[{""problem"": ""Hund l\u00e4uft vor den Wagen"", ""answer"": ""Kinderwagen anfangs leer \u00fcben""}]"
leinenfuehrigkeit_im_bahnhof,Leinenführigkeit im Bahnhof,Umgebung mit vielen Menschen.,training,leinenfuehrigkeit,"{""physical"": 1, ""mentalWork"": 1, ""scent"": 0, ""social"": 1, ""recovery"": 1}",1,5,15,onTheGo,"[3, 5]",false,true,true,true,false,,{},false,9,,{},leinenfuehrigkeit_im_bahnhof,3,,"{""Umgebung mit vielen Menschen"",""Hund kurz nehmen"",""Fokus auf Halter belohnen""}","Er meistert „Leinenführigkeit im Bahnhof"" sicher, auch im zweiten oder dritten Anlauf.","{""Hund hat Stress""}","[{""problem"": ""Hund hat Stress"", ""answer"": ""Distanz zum Trubel vergr\u00f6\u00dfern""}]"
aus_bei_fundstuecken_draussen,Aus bei Fundstücken draußen,Hund nimmt Stock/Müll.,training,aus_loslassen,"{""physical"": 1, ""mentalWork"": 2, ""scent"": 0, ""social"": 1, ""recovery"": 1}",1,5,15,any,"[1, 3]",false,true,true,true,false,,"{""sup_board""}",false,9,,{},aus_bei_fundstuecken_draussen,3,,"{""Hund nimmt Stock/Müll"",""Aus-Kommando"",""Superleckerli als Tausch""}","Er meistert „Aus bei Fundstücken draußen"" sicher, auch im zweiten oder dritten Anlauf.","{""Hund schluckt es runter""}","[{""problem"": ""Hund schluckt es runter"", ""answer"": ""Maulkorb-Training zur Sicherheit erwegen""}]"
nein_bei_anderen_hunden,Nein bei anderen Hunden,Fremder Hund nähert sich.,training,abbruchsignal_nein,"{""physical"": 1, ""mentalWork"": 2, ""scent"": 0, ""social"": 1, ""recovery"": 1}",1,5,15,any,"[3, 5]",false,true,true,true,false,,{},false,9,,{},nein_bei_anderen_hunden,3,,"{""Fremder Hund nähert sich"",""Hund fixiert"",""Nein sagen, abwenden""}","Er meistert „Nein bei anderen Hunden"" sicher, auch im zweiten oder dritten Anlauf.","{""Hund bellt bereits""}","[{""problem"": ""Hund bellt bereits"", ""answer"": ""Distanz war zu gering, n\u00e4chstes Mal fr\u00fcher eingreifen""}]"
schneepfad_erschnueffeln,Schneepfad erschnüffeln,Spur im tiefen Schnee treten.,training,faehrtensuche_mantrailing,"{""physical"": 1, ""mentalWork"": 2, ""scent"": 3, ""social"": 0, ""recovery"": 1}",1,5,15,outdoors,"[1, 3]",false,false,true,true,false,"[12, 1, 2]",{},false,17,,{},schneepfad_erschnueffeln,7,,"{""Spur im tiefen Schnee treten"",""Hund muss Pfad finden""}","Er meistert „Schneepfad erschnüffeln"" sicher, auch im zweiten oder dritten Anlauf.","{""Hund frisst Schnee""}","[{""problem"": ""Hund frisst Schnee"", ""answer"": ""Abbruch, Gefahr von Schneegastritis""}]"
leckerli_im_schnee,Leckerli im Schnee,Futter leicht im Schnee vergraben.,training,faehrtensuche_mantrailing,"{""physical"": 1, ""mentalWork"": 2, ""scent"": 3, ""social"": 0, ""recovery"": 1}",1,5,15,outdoors,"[1, 3]",false,false,true,true,false,"[12, 1, 2]",{},false,17,,{},leckerli_im_schnee,7,,"{""Futter leicht im Schnee vergraben"",""Ausbuddeln lassen""}","Er meistert „Leckerli im Schnee"" sicher, auch im zweiten oder dritten Anlauf.","{""Hund findet nichts""}","[{""problem"": ""Hund findet nichts"", ""answer"": ""Loch etwas offen lassen""}]"
balance_auf_schneehuegel,Balance auf Schneehügel,Festen Schneehaufen suchen.,training,slalom_durch_die_beine,"{""physical"": 2, ""mentalWork"": 1, ""scent"": 0, ""social"": 0, ""recovery"": 1}",2,10,20,outdoors,"[1, 3]",false,false,true,false,false,"[12, 1, 2]",{},false,26,,{},balance_auf_schneehuegel,7,,"{""Festen Schneehaufen suchen"",""Hund hochklettern lassen""}","Er meistert „Balance auf Schneehügel"" sicher, auch im zweiten oder dritten Anlauf.","{""Rutschgefahr""}","[{""problem"": ""Rutschgefahr"", ""answer"": ""Auf festen Tritt achten, keine Eisfl\u00e4chen""}]"
dummy_suche_im_schnee,Dummy-Suche im Schnee,Weißen oder dunklen Dummy werfen.,training,apportieren,"{""physical"": 2, ""mentalWork"": 1, ""scent"": 0, ""social"": 2, ""recovery"": 0}",2,10,20,outdoors,"[1, 3]",false,false,true,true,false,"[12, 1, 2]","{""dummy""}",false,17,,{},dummy_suche_im_schnee,7,,"{""Weißen oder dunklen Dummy werfen"",""Sicht vs. Nase trainieren""}","Er meistert „Dummy-Suche im Schnee"" sicher, auch im zweiten oder dritten Anlauf.","{""Dummy versinkt""}","[{""problem"": ""Dummy versinkt"", ""answer"": ""Dummy mit Schnur versehen f\u00fcr den Notfall""}]"
fruehlingswiesen_faehrte,Frühlingswiesen-Fährte,Fährte im hohen nassen Gras legen.,training,faehrtensuche_mantrailing,"{""physical"": 1, ""mentalWork"": 2, ""scent"": 3, ""social"": 0, ""recovery"": 1}",2,10,20,outdoors,"[3, 5]",false,true,true,true,false,"[3, 4, 5]","{""schleppleine""}",false,17,,{},fruehlingswiesen_faehrte,7,,"{""Fährte im hohen nassen Gras legen"",""Spur verfolgen""}","Er meistert „Frühlingswiesen-Fährte"" sicher, auch im zweiten oder dritten Anlauf.","{""Ablenkung durch Wildgeruch""}","[{""problem"": ""Ablenkung durch Wildgeruch"", ""answer"": ""Schleppleine kurz halten""}]"
balance_auf_umgestuerztem_baum,Balance auf umgestürztem Baum,Totholz im Wald nutzen.,training,slalom_durch_die_beine,"{""physical"": 2, ""mentalWork"": 1, ""scent"": 0, ""social"": 0, ""recovery"": 1}",2,10,20,outdoors,"[1, 3]",false,true,true,false,false,"[3, 4, 5]",{},false,26,,{},balance_auf_umgestuerztem_baum,7,,"{""Totholz im Wald nutzen"",""Vorsichtig balancieren lassen""}","Er meistert „Balance auf umgestürztem Baum"" sicher, auch im zweiten oder dritten Anlauf.","{""Holz ist morsch""}","[{""problem"": ""Holz ist morsch"", ""answer"": ""Vorherige Pr\u00fcfung durch den Halter zwingend""}]"
bachlauf_erkundung,Bachlauf-Erkundung,Hund im flachen Bachlauf waten lassen.,training,hand_target_touch,"{""physical"": 0, ""mentalWork"": 2, ""scent"": 0, ""social"": 1, ""recovery"": 1}",1,5,15,outdoors,"[1, 3]",false,true,true,true,false,"[3, 4, 5]",{},false,9,,{},bachlauf_erkundung,7,,"{""Hund im flachen Bachlauf waten lassen"",""Steine erkunden""}","Er meistert „Bachlauf-Erkundung"" sicher, auch im zweiten oder dritten Anlauf.","{""Hund hat Angst""}","[{""problem"": ""Hund hat Angst"", ""answer"": ""Selbst mit Gummistiefeln reingehen""}]"
eisblock_lecken_ruheuebung,Eisblock-Lecken (Ruheübung),Gefrorene Brühe im Napf anbieten.,rest,,"{""physical"": 0, ""mentalWork"": 0, ""scent"": 0, ""social"": 1, ""recovery"": 3}",0,15,30,indoors,,false,true,true,true,false,"[6, 7, 8]",{},false,8,,{},eisblock_lecken_ruheuebung,0,,"{""Gefrorene Brühe im Napf anbieten"",""Hund im Schatten lecken lassen""}","Er meistert „Eisblock-Lecken (Ruheübung)"" sicher, auch im zweiten oder dritten Anlauf.","{""Hund schluckt grosse Eisstücke""}","[{""problem"": ""Hund schluckt grosse Eisst\u00fccke"", ""answer"": ""Napf festhalten""}]"
schwimmen_im_see,Schwimmen im See,Hund ins tiefe Wasser locken.,training,sprung_ueber_hindernis,"{""physical"": 3, ""mentalWork"": 1, ""scent"": 0, ""social"": 0, ""recovery"": 0}",1,5,15,outdoors,"[1, 3]",false,true,true,false,false,"[6, 7, 8]",{},false,52,,{},schwimmen_im_see,7,,"{""Hund ins tiefe Wasser locken"",""Ruhiges Schwimmen""}","Er meistert „Schwimmen im See"" sicher, auch im zweiten oder dritten Anlauf.","{""Hund schluckt zu viel Wasser (Wasservergiftung!)""}","[{""problem"": ""Hund schluckt zu viel Wasser (Wasservergiftung!)"", ""answer"": ""Pausen erzwingen""}]"
wasserapport,Wasserapport,Schwimmdummy ins Wasser werfen.,training,apportieren,"{""physical"": 2, ""mentalWork"": 1, ""scent"": 0, ""social"": 2, ""recovery"": 0}",2,10,20,any,"[1, 3]",false,true,true,true,false,"[6, 7, 8]","{""dummy""}",false,17,,{},wasserapport,7,,"{""Schwimmdummy ins Wasser werfen"",""Apportieren lassen""}","Er meistert „Wasserapport"" sicher, auch im zweiten oder dritten Anlauf.","{""Hund schüttelt sich mit Dummy""}","[{""problem"": ""Hund sch\u00fcttelt sich mit Dummy"", ""answer"": ""Dummy erst abnehmen, dann sch\u00fctteln lassen""}]"
sup_mit_hund_stand_up_paddling,SUP mit Hund (Stand Up Paddling),Hund an Board gewöhnen.,training,slalom_durch_die_beine,"{""physical"": 2, ""mentalWork"": 1, ""scent"": 0, ""social"": 0, ""recovery"": 1}",1,5,15,any,"[1, 3]",false,true,true,false,false,"[6, 7, 8]","{""sup_board"",""schwimmweste""}",false,26,,{},sup_mit_hund_stand_up_paddling,7,,"{""Hund an Board gewöhnen"",""Gemeinsam paddeln"",""Schwimmweste für Hund!""}","Er meistert „SUP mit Hund (Stand Up Paddling)"" sicher, auch im zweiten oder dritten Anlauf.","{""Hund springt unkontrolliert ab""}","[{""problem"": ""Hund springt unkontrolliert ab"", ""answer"": ""Vorher Trockentraining an Land""}]"
planschbecken_leckerlisuche,Planschbecken-Leckerlisuche,Sinkende Leckerlis (z.B. Möhre) ins Wasser werfen.,training,faehrtensuche_mantrailing,"{""physical"": 1, ""mentalWork"": 2, ""scent"": 3, ""social"": 0, ""recovery"": 1}",1,5,15,any,"[1, 3]",false,true,true,true,false,"[6, 7, 8]",{},false,17,,{},planschbecken_leckerlisuche,7,,"{""Sinkende Leckerlis (z.B. Möhre) ins Wasser werfen"",""Hund taucht mit Nase ab""}","Er meistert „Planschbecken-Leckerlisuche"" sicher, auch im zweiten oder dritten Anlauf.","{""Hund planscht nur""}","[{""problem"": ""Hund planscht nur"", ""answer"": ""Leckerlis zun\u00e4chst am Rand ablegen""}]"
laub_schnueffeln,Laub-Schnüffeln,Großen Laubhaufen suchen.,training,faehrtensuche_mantrailing,"{""physical"": 1, ""mentalWork"": 2, ""scent"": 3, ""social"": 0, ""recovery"": 1}",1,5,15,any,"[3, 5]",false,true,true,true,false,"[9, 10, 11]",{},false,17,,{},laub_schnueffeln,7,,"{""Großen Laubhaufen suchen"",""Spielzeug darin verstecken""}","Er meistert „Laub-Schnüffeln"" sicher, auch im zweiten oder dritten Anlauf.","{""Hund frisst Blätter""}","[{""problem"": ""Hund frisst Bl\u00e4tter"", ""answer"": ""Bessere Leckerlis im Haufen verwenden""}]"
kuerbis_slalom,Kürbis-Slalom,Kürbisse als Pylonen aufstellen.,training,slalom_durch_die_beine,"{""physical"": 2, ""mentalWork"": 1, ""scent"": 0, ""social"": 0, ""recovery"": 1}",1,5,15,any,"[1, 3]",false,true,true,true,false,"[9, 10, 11]","{""kuerbisse""}",false,26,,{},kuerbis_slalom,7,,"{""Kürbisse als Pylonen aufstellen"",""Hund im Slalom durchführen""}","Er meistert „Kürbis-Slalom"" sicher, auch im zweiten oder dritten Anlauf.","{""Hund will Kürbis markieren""}","[{""problem"": ""Hund will K\u00fcrbis markieren"", ""answer"": ""Korrigieren und Aufmerksamkeit einfordern""}]"
kastanien_anzeige_zos,Kastanien-Anzeige (ZOS),Hund auf Kastaniengeruch konditionieren.,training,gegenstandsanzeige_zos,"{""physical"": 1, ""mentalWork"": 2, ""scent"": 3, ""social"": 0, ""recovery"": 1}",1,5,15,outdoors,"[1, 3]",false,true,true,true,false,"[9, 10, 11]",{},false,26,,{},kastanien_anzeige_zos,7,,"{""Hund auf Kastaniengeruch konditionieren"",""Kastanie im Wald suchen und anzeigen lassen""}","Er meistert „Kastanien-Anzeige (ZOS)"" sicher, auch im zweiten oder dritten Anlauf.","{""Hund nimmt Kastanie ins Maul (Verschluckungsgefahr!)""}","[{""problem"": ""Hund nimmt Kastanie ins Maul (Verschluckungsgefahr!)"", ""answer"": ""Sofortiges 'Aus' trainieren""}]"
